-- MySQL dump 10.13  Distrib 8.0.25, for Linux (x86_64)
--
-- Host: localhost    Database: covid
-- ------------------------------------------------------
-- Server version	8.0.25-0ubuntu0.20.04.1

/*!40101 SET @OLD_CHARACTER_SET_CLIENT=@@CHARACTER_SET_CLIENT */;
/*!40101 SET @OLD_CHARACTER_SET_RESULTS=@@CHARACTER_SET_RESULTS */;
/*!40101 SET @OLD_COLLATION_CONNECTION=@@COLLATION_CONNECTION */;
/*!50503 SET NAMES utf8mb4 */;
/*!40103 SET @OLD_TIME_ZONE=@@TIME_ZONE */;
/*!40103 SET TIME_ZONE='+00:00' */;
/*!40014 SET @OLD_UNIQUE_CHECKS=@@UNIQUE_CHECKS, UNIQUE_CHECKS=0 */;
/*!40014 SET @OLD_FOREIGN_KEY_CHECKS=@@FOREIGN_KEY_CHECKS, FOREIGN_KEY_CHECKS=0 */;
/*!40101 SET @OLD_SQL_MODE=@@SQL_MODE, SQL_MODE='NO_AUTO_VALUE_ON_ZERO' */;
/*!40111 SET @OLD_SQL_NOTES=@@SQL_NOTES, SQL_NOTES=0 */;

--
-- Table structure for table `continents`
--

DROP TABLE IF EXISTS `continents`;
/*!40101 SET @saved_cs_client     = @@character_set_client */;
/*!50503 SET character_set_client = utf8mb4 */;
CREATE TABLE `continents` (
  `id` int NOT NULL AUTO_INCREMENT,
  `continent` varchar(100) DEFAULT NULL,
  PRIMARY KEY (`id`)
) ENGINE=InnoDB AUTO_INCREMENT=8 DEFAULT CHARSET=utf8mb4 COLLATE=utf8mb4_0900_ai_ci;
/*!40101 SET character_set_client = @saved_cs_client */;

--
-- Dumping data for table `continents`
--

LOCK TABLES `continents` WRITE;
/*!40000 ALTER TABLE `continents` DISABLE KEYS */;
INSERT INTO `continents` VALUES (1,'Asia'),(2,'Europe'),(3,'Africa'),(4,'North America'),(5,'South America'),(6,'Oceania');
/*!40000 ALTER TABLE `continents` ENABLE KEYS */;
UNLOCK TABLES;

--
-- Table structure for table `covidByLocation`
--

DROP TABLE IF EXISTS `covidByLocation`;
/*!40101 SET @saved_cs_client     = @@character_set_client */;
/*!50503 SET character_set_client = utf8mb4 */;
CREATE TABLE `covidByLocation` (
  `locationId` int NOT NULL,
  `total_cases` int DEFAULT NULL,
  `total_deaths` int DEFAULT NULL,
  `total_cases_per_million` float DEFAULT NULL,
  `new_cases_per_million` float DEFAULT NULL,
  `total_deaths_per_million` float DEFAULT NULL,
  `new_deaths_per_million` float DEFAULT NULL,
  `people_fully_vaccinated` int DEFAULT NULL,
  `people_fully_vaccinated_per_hundred` float DEFAULT NULL,
  `gdp_per_capita` float DEFAULT NULL,
  PRIMARY KEY (`locationId`),
  CONSTRAINT `covidByLocation_ibfk_1` FOREIGN KEY (`locationId`) REFERENCES `locations` (`id`)
) ENGINE=InnoDB DEFAULT CHARSET=utf8mb4 COLLATE=utf8mb4_0900_ai_ci;
/*!40101 SET character_set_client = @saved_cs_client */;

--
-- Dumping data for table `covidByLocation`
--

LOCK TABLES `covidByLocation` WRITE;
/*!40000 ALTER TABLE `covidByLocation` DISABLE KEYS */;
INSERT INTO `covidByLocation` VALUES (1,120216,4962,3088.14,0,127.465,0,0,0,1803.99),(2,132526,2456,46051.1,1.042,853.43,0,0,0,11803.4),(3,140550,3735,3205.17,10.832,85.175,0.205,0,0,13913.8),(4,13918,127,180133,0,1643.69,0,0,0,0),(5,39089,906,1189.33,3.773,27.566,0.091,0,0,5819.5),(6,0,0,0,0,0,0,6525,43.49,0),(7,1264,42,12907.4,0,428.887,0,0,0,21490.9),(8,4512439,95382,99842,462.167,2110.42,13.497,4203409,9.3,18933.9),(9,225339,4518,76045,39.821,1524.69,0.337,0,0,8787.58),(10,0,0,0,0,0,0,59897,56.1,35973.8),(11,30734,910,1205.26,1.961,35.686,0,1726273,6.77,44648.7),(12,650569,10709,72234.1,10.548,1189.04,0.333,3272220,36.33,45436.7),(13,336223,4977,33160.8,9.961,490.868,0.197,1379921,13.61,15847.4),(14,12735,246,32384.1,0,625.559,0,0,0,27717.8),(15,266140,1356,156407,96.969,796.905,1.763,993896,58.41,43290.7),(16,930042,14778,5647.25,51.509,89.733,0.802,0,0,3523.98),(17,4082,47,14204.6,0,163.552,0,0,0,16978.1),(18,419330,3164,44376.7,118.315,334.839,1.164,0,0,17168),(19,1086508,25185,93748.4,53.755,2173.07,0.431,0,0,42658.6),(20,13343,330,33557.1,108.143,829.936,2.515,0,0,7824.36),(21,8199,104,676.307,0,8.579,0,0,0,2064.24),(22,0,0,0,0,0,0,39034,62.68,50669.3),(23,2122,1,2750.09,23.328,1.296,0,0,0,8708.6),(24,442884,16879,37940.8,136.897,1445.98,4.883,720327,6.17,6885.83),(25,0,0,0,0,0,0,1665,6.35,0),(26,205047,9667,62498.8,4.572,2946.52,0,0,0,11713.9),(27,71443,1158,30380.3,0,492.425,0,0,0,15807.4),(28,18687469,521952,87916.5,306.573,2455.56,8.736,0,0,14103.5),(29,0,0,0,0,0,0,8841,29.24,0),(30,261,3,596.595,0,6.857,0,0,0,71809.2),(31,421983,18083,60730.6,11.657,2602.45,2.303,818364,11.78,18563.3),(32,13488,168,645.258,0.144,8.037,0,0,0,1703.1),(33,5494,8,462.039,1.009,0.673,0,0,0,702.225),(34,52350,660,3131.17,57.779,39.476,1.914,3166482,18.94,3645.07),(35,80858,1324,3045.97,0,49.876,0,0,0,3364.93),(36,1423837,26306,37725.4,24.773,696.992,0.874,12595940,33.37,44017.6),(37,32666,287,58753.1,129.499,516.198,0,0,0,6222.55),(38,0,0,0,0,0,0,45504,69.24,49903),(39,7141,98,1478.54,0,20.291,0,0,0,661.24),(40,4951,174,301.415,0,10.593,0,0,0,1768.15),(41,1562613,32809,81742.8,212.176,1716.29,11.561,0,0,22767),(42,91887,4636,63.84,0.016,3.221,0,0,0,15308.7),(43,4297302,107723,84454.8,550.382,2117.08,11.517,0,0,13254.9),(44,3957,146,4550.39,16.099,167.894,0,0,0,1413.89),(45,12695,166,2300.61,0,30.083,0,0,0,4881.41),(46,0,0,0,0,0,0,9187,52.31,0),(47,371206,4686,72869.6,327.044,919.885,2.356,0,0,15525),(48,48378,315,1834.01,0,11.942,0,0,0,3601.01),(49,360067,8212,87708.5,22.41,2000.36,0.731,1132263,27.58,22669.8),(50,197253,1322,17415,292.055,116.716,1.766,0,0,0),(51,0,0,0,0,0,0,78833,48.04,0),(52,76862,374,86555.8,595.717,421.169,0,364250,41.02,32415.1),(53,1667608,30308,155720,16.155,2830.15,0.374,3443270,32.15,32605.9),(54,41771,937,466.395,4.667,10.462,0.045,0,0,808.133),(55,295306,2537,50983.4,56.283,438.003,0.173,0,0,46682.5),(56,11602,155,11742.9,0,156.882,0,0,0,2705.41),(57,194,0,2694.78,13.891,0,0,19548,27.15,9673.37),(58,327561,3846,30195.8,126.107,354.539,0.553,0,0,14600.9),(59,461157,21623,26138.2,91.764,1225.58,1.02,0,0,10581.9),(60,281722,16215,2752.96,1.935,158.451,0.205,0,0,10550.2),(61,78766,2393,12143.6,0,368.937,0.925,1162511,17.92,7292.46),(62,8742,122,6231,0,86.957,0,0,0,22604.9),(63,6051,25,1706.22,6.485,7.049,0,0,0,1510.46),(64,131123,1269,98845.9,28.646,956.625,0,406204,30.62,29481.3),(65,19084,678,16449.4,0,584.4,0,0,0,7738.98),(66,276323,4327,2403.57,0.635,37.638,0.017,0,0,1729.93),(67,0,0,0,0,0,0,19749,40.42,0),(68,0,0,0,0,0,0,1775,50.96,0),(69,5253,25,5859.82,450.67,27.888,1.116,0,0,8702.97),(70,96180,973,17358.8,38.984,175.609,0,1113106,20.09,40585.7),(71,5842616,111297,86475,39.77,1647.28,0.355,0,0,38605.7),(72,0,0,0,0,0,0,61298,21.82,0),(73,25076,159,11266.4,9.884,71.437,0,0,0,16562.4),(74,6079,181,2515.45,0,74.897,0,0,0,1561.77),(75,368022,5335,92255.2,241.654,1337.37,2.005,0,0,9745.08),(76,3737630,91032,44610.3,8.009,1086.51,0.215,0,0,45229.2),(77,95914,796,3086.74,0,25.617,0,0,0,4227.63),(78,0,0,0,0,0,0,38854,115.32,0),(79,424165,12701,40694.9,94.022,1218.55,0.959,3878045,37.21,24574.4),(80,0,0,0,0,0,0,13030,22.95,0),(81,161,1,1430.87,0,8.887,0,0,0,13593.9),(82,298904,9350,16684,137.646,521.892,3.796,0,0,7423.81),(83,0,0,0,0,0,0,0,0,0),(84,23807,172,1812.79,1.523,13.097,0,0,0,1998.93),(85,3880,69,1971.55,5.589,35.061,0,0,0,1548.68),(86,20231,477,25720.9,113.151,606.439,5.085,112371,14.29,7435.05),(87,18658,436,1636.3,0,38.237,0,0,0,1653.17),(88,265174,7059,26772.8,181.532,712.699,2.928,0,0,4541.79),(89,11938,211,1592.37,1.467,28.145,0,1530491,20.41,56054.9),(90,808197,29992,83661.3,3.83,3104.65,0,0,0,26777.6),(91,6555,29,19208.8,0,84.982,0,223719,65.56,46483),(92,30502362,401050,22103.1,31.964,290.615,0.535,59332783,4.3,6426.67),(93,2228938,59534,8148.98,94.434,217.656,1.971,13770107,5.03,11188.7),(94,3232696,84516,38487.7,164.728,1006.23,1.512,0,0,19082.6),(95,1359836,17256,33807.8,158.568,429.014,0.994,0,0,15664),(96,273296,5000,55347.8,103.69,1012.6,0,0,0,67335.3),(97,0,0,0,0,0,0,45390,53.38,0),(98,842371,6429,97321.6,35.122,742.761,0,5174398,59.78,33132.3),(99,4261582,127615,70483.8,13.132,2110.67,0.463,19462810,32.19,35220.1),(100,50242,1082,16967,25.666,365.397,0.675,0,0,8193.57),(101,803812,14779,6355.43,14.026,116.852,0.198,0,0,39002.2),(102,0,0,0,0,0,0,52595,52.04,0),(103,752395,9760,73741.5,44.888,956.568,0.392,1421070,13.93,8337.49),(104,488204,3539,26000.5,151.89,188.478,0.32,2085919,11.11,24055.6),(105,185060,3651,3441.61,9.726,67.899,0.205,0,0,2993.03),(106,2,0,16.744,0,0,0,0,0,1981.13),(107,107785,2262,55767,8.796,1170.34,0,0,0,9795.83),(108,360406,1995,84393.1,443.735,467.152,3.747,0,0,65530.5),(109,127880,2019,19600.9,227.614,309.464,1.533,0,0,3393.47),(110,2176,3,299.084,4.398,0.412,0,0,0,6397.36),(111,137540,2526,72919,21.207,1339.2,3.181,562412,29.82,25063.8),(112,545226,7856,79881.4,30.767,1150.99,0.293,451207,6.61,13367.6),(113,11544,329,5388.72,59.75,153.577,0,0,0,2851.15),(114,4520,133,893.691,42.707,26.297,0.791,0,0,752.788),(115,194323,3205,28280.4,60.833,466.434,1.019,0,0,17881.5),(116,3040,59,79712.6,26.221,1547.05,0,0,0,0),(117,278826,4387,102423,6.245,1611.51,1.102,1075665,39.51,29524.3),(118,71031,818,113472,217.261,1306.76,0,216876,34.65,94278),(119,0,0,0,0,0,0,113957,17.55,104862),(120,42264,918,1526.27,0.614,33.152,0.108,0,0,1416.44),(121,36573,1202,1911.82,11.187,62.833,0.157,0,0,1095.04),(122,765949,5327,23665.2,215.72,164.586,2.255,2463019,7.61,26808.2),(123,74074,213,137037,264.549,394.049,0,0,0,15183.6),(124,14435,525,712.81,0.346,25.925,0,0,0,2014.31),(125,30633,420,69377.8,13.589,951.218,0,0,0,36513.3),(126,4,0,67.574,0,0,0,0,0,3819.2),(127,20977,489,4511.51,17.851,105.169,0,0,0,3597.63),(128,1858,18,1460.96,0,14.154,0,0,0,20292.7),(129,2531192,233428,19631.9,45.31,1810.46,1.396,0,0,17336.5),(130,1,0,8.694,0,0,0,0,0,3299.46),(131,256870,6194,63676.8,13.386,1535.46,0,277888,6.89,5189.97),(132,2586,33,65895.4,152.89,840.893,0,0,0,0),(133,120339,592,36707.8,0,180.582,0,1756449,53.58,11840.8),(134,100292,1613,159685,31.844,2568.22,0,139966,22.29,16409.3),(135,0,0,0,0,0,0,1229,24.58,0),(136,532994,9307,14440.2,22.866,252.15,0.244,9159495,24.82,7485.01),(137,78074,885,2497.93,27.803,28.315,0.032,0,0,1136.1),(138,161210,3364,2962.89,34.24,61.827,0.312,0,0,5591.6),(139,92869,1586,36549.4,653.701,624.184,11.807,0,0,9541.81),(140,0,0,0,0,0,0,1814,16.74,12895.6),(141,642053,9179,22035.8,47.74,315.031,1.167,0,0,2442.8),(142,1714524,18038,100060,55.326,1052.71,0.409,6199305,36.18,48472.5),(143,0,0,0,0,0,0,51943,18.19,0),(144,2743,26,568.824,0,5.392,0,0,0,36085.8),(145,8178,191,1234.5,0,28.832,0,0,0,5321.44),(146,5492,193,226.88,0,7.973,0,0,0,926),(147,167732,2121,813.682,0.194,10.289,0,0,0,5338.45),(148,155700,5486,74734.3,5.28,2633.22,0.48,225340,10.82,13111.2),(149,0,0,0,0,0,0,54280,14.2,0),(150,131749,794,24302.4,44.27,146.461,0,0,0,64800.1),(151,270504,3140,52971.2,0,614.888,0,0,0,37960.7),(152,961085,22379,4350.92,6.338,101.312,0.154,0,0,5034.71),(153,314409,3570,61631.7,23.719,699.806,0.98,371706,7.29,4449.9),(154,406013,6560,94098.5,238.715,1520.36,1.854,0,0,22267),(155,17098,173,1911.03,0,19.336,0,0,0,3823.19),(156,426318,13127,59770.9,185.068,1840.44,15.422,0,0,8827.01),(157,2057554,192687,62403.4,0,5843.99,0,0,0,12236.7),(158,1424518,24973,12999.7,56.406,227.895,1.606,0,0,7599.19),(159,0,0,0,0,0,0,0,0,0),(160,2880107,75065,76099.5,2.563,1983.4,0.555,13716258,36.24,27216.4),(161,884442,17108,86738,238.901,1677.8,0.686,3674252,36.03,27936.9),(162,222350,591,77176.5,46.164,205.133,0,1472225,51.1,116936),(163,1080860,33898,56184.5,1.923,1762.06,1.923,0,0,23313.2),(164,5495513,134302,37657.4,156.173,920.29,4.584,17600153,12.06,24766),(165,40798,453,3149.89,68.251,34.975,0.386,0,0,1854.21),(166,0,0,0,0,0,0,3531,58.16,0),(167,476,3,8948.71,357.197,56.399,0,0,0,24654.4),(168,5302,84,28873.4,0,457.444,0,0,0,12951.8),(169,2229,12,20090.7,18.027,108.16,0,0,0,10727.1),(170,3,0,15.12,0,0,0,0,0,6021.56),(171,5091,90,150009,0,2651.9,0,0,0,56861.5),(172,2369,37,10809.4,0,168.826,0,0,0,3052.71),(173,490464,7848,14088.2,125.18,225.427,1.264,0,0,49045.4),(174,43427,1170,2593.6,9.496,69.876,0.119,0,0,2470.58),(175,716717,7051,105328,10.875,1036.21,0.588,0,0,14048.9),(176,15857,71,161247,2826.93,721.985,30.506,0,0,26382.3),(177,5702,104,714.806,6.268,13.038,0.251,0,0,1390.3),(178,62599,36,10700.1,1.709,6.153,0,2125145,36.33,85535.4),(179,0,0,0,0,0,0,17160,40.02,36327.2),(180,391676,12511,71740.2,3.114,2291.54,0,1611613,29.52,30155.2),(181,257383,4419,123805,12.025,2125.61,0,697091,33.53,31400.8),(182,20,0,29.117,0,0,0,0,0,2205.92),(183,14946,775,940.401,0,48.763,0,0,0,0),(184,2019826,61332,34056.2,409.215,1034.11,5.109,0,0,12294.9),(185,159342,2025,3107.95,15.467,39.497,0.02,5271767,10.28,35938.4),(186,10866,117,970.722,1.787,10.452,0,0,0,1569.89),(187,3833868,80911,81999.5,268.7,1730.54,0.599,0,0,34272.4),(188,262795,3157,12272.5,85.134,147.432,1.728,1146978,5.36,11669.1),(189,36658,2760,836,0,62.943,0,0,0,4466.51),(190,22063,539,37609.5,216.489,918.801,13.637,36955,6.3,13767.1),(191,1090880,14631,108016,32.379,1448.72,0.099,3169215,31.38,46949.3),(192,703334,10894,81266.9,18.256,1258.75,0,0,0,57410.2),(193,25586,1882,1462,2,107.539,0.171,0,0,0),(194,14911,676,626.071,2.435,28.383,0.63,46193,0.19,0),(195,13523,90,1417.86,0,9.436,0,0,0,2896.91),(196,509,21,8.521,0,0.352,0,0,0,2683.3),(197,270921,2141,3881.39,87.206,30.673,0.874,0,0,16277.7),(198,9361,24,7100.05,62.953,18.203,0,0,0,6570.1),(199,13999,130,1690.96,4.469,15.703,0,0,0,1429.81),(200,0,0,0,0,0,0,0,0,5425.62),(201,33153,866,23689.3,88.604,618.796,6.431,102883,7.35,28763.1),(202,432761,15179,36616.9,497.689,1284.33,9.646,0,0,10849.3),(203,5435831,49829,64452.1,57.992,590.818,0.652,15522900,18.41,25129.3),(204,0,0,0,0,0,0,9753,0.16,16389),(205,0,0,0,0,0,0,15410,39.8,0),(206,0,0,0,0,0,0,0,0,3575.1),(207,82082,1111,1794.49,22.912,24.289,1.093,0,0,1697.71),(208,2302344,54687,52644.6,25.678,1250.45,0.983,0,0,7894.39),(209,636245,1825,64329.6,168.143,184.522,0.607,0,0,67293.5),(210,4871807,128453,71764.5,395.707,1892.19,0.398,0,0,39753.2),(211,33709131,605524,101839,89.721,1829.36,1.526,156255896,46.72,54225.4),(212,371417,5642,106922,235.194,1624.19,6.621,1748071,50.32,20551.4),(213,111648,742,3335.84,14.79,22.17,0.06,0,0,6253.1),(214,4,1,13.023,0,3.256,0,0,0,2921.91),(215,27,0,33374.5,0,0,0,0,0,0),(216,275205,3154,9678.07,41.532,110.916,0.633,0,0,16745),(217,18121,84,186.165,4.048,0.863,0.031,214405,0.22,6171.88),(218,0,0,0,0,0,0,4368,38.84,0),(219,6924,1361,232.147,0.034,45.631,0,0,0,1479.15),(220,160613,2341,8736.58,151.273,127.339,3.808,16661,0.09,3689.25),(221,52663,1841,3543.25,97.02,123.865,2.22,0,0,1899.78);
/*!40000 ALTER TABLE `covidByLocation` ENABLE KEYS */;
UNLOCK TABLES;

--
-- Table structure for table `locationAndVaccine`
--

DROP TABLE IF EXISTS `locationAndVaccine`;
/*!40101 SET @saved_cs_client     = @@character_set_client */;
/*!50503 SET character_set_client = utf8mb4 */;
CREATE TABLE `locationAndVaccine` (
  `locationId` int DEFAULT NULL,
  `vaccineId` int DEFAULT NULL,
  KEY `locationId` (`locationId`),
  KEY `vaccineId` (`vaccineId`),
  CONSTRAINT `locationAndVaccine_ibfk_1` FOREIGN KEY (`locationId`) REFERENCES `locations` (`id`),
  CONSTRAINT `locationAndVaccine_ibfk_2` FOREIGN KEY (`vaccineId`) REFERENCES `vaccines` (`id`)
) ENGINE=InnoDB DEFAULT CHARSET=utf8mb4 COLLATE=utf8mb4_0900_ai_ci;
/*!40101 SET character_set_client = @saved_cs_client */;

--
-- Dumping data for table `locationAndVaccine`
--

LOCK TABLES `locationAndVaccine` WRITE;
/*!40000 ALTER TABLE `locationAndVaccine` DISABLE KEYS */;
INSERT INTO `locationAndVaccine` VALUES (12,1),(19,1),(31,1),(52,1),(53,1),(55,1),(64,1),(71,1),(76,1),(79,1),(88,1),(90,1),(91,1),(96,1),(99,1),(111,1),(115,1),(117,1),(125,1),(142,1),(160,1),(161,1),(163,1),(184,1),(185,1),(187,1),(211,1),(12,2),(19,2),(25,2),(31,2),(36,2),(45,2),(49,2),(51,2),(52,2),(53,2),(55,2),(64,2),(67,2),(70,2),(71,2),(76,2),(79,2),(80,2),(82,2),(83,2),(88,2),(90,2),(91,2),(96,2),(98,2),(99,2),(101,2),(102,2),(111,2),(115,2),(116,2),(117,2),(118,2),(125,2),(142,2),(150,2),(153,2),(158,2),(160,2),(161,2),(162,2),(163,2),(165,2),(178,2),(179,2),(180,2),(185,2),(187,2),(192,2),(194,2),(210,2),(211,2),(1,3),(2,3),(3,3),(4,3),(5,3),(6,3),(7,3),(8,3),(9,3),(11,3),(12,3),(13,3),(14,3),(15,3),(16,3),(17,3),(19,3),(20,3),(21,3),(23,3),(24,3),(26,3),(27,3),(28,3),(29,3),(30,3),(31,3),(32,3),(34,3),(35,3),(36,3),(37,3),(38,3),(39,3),(41,3),(43,3),(44,3),(45,3),(46,3),(47,3),(48,3),(49,3),(52,3),(53,3),(54,3),(56,3),(57,3),(58,3),(59,3),(60,3),(61,3),(64,3),(65,3),(66,3),(68,3),(69,3),(70,3),(71,3),(72,3),(74,3),(75,3),(76,3),(77,3),(79,3),(81,3),(82,3),(83,3),(85,3),(86,3),(88,3),(90,3),(91,3),(92,3),(93,3),(94,3),(95,3),(96,3),(97,3),(99,3),(100,3),(102,3),(103,3),(105,3),(107,3),(111,3),(112,3),(113,3),(114,3),(115,3),(117,3),(118,3),(120,3),(121,3),(122,3),(123,3),(124,3),(125,3),(127,3),(128,3),(129,3),(131,3),(133,3),(134,3),(135,3),(136,3),(137,3),(138,3),(139,3),(140,3),(141,3),(142,3),(145,3),(146,3),(147,3),(148,3),(149,3),(151,3),(152,3),(153,3),(154,3),(155,3),(156,3),(157,3),(158,3),(159,3),(160,3),(161,3),(163,3),(165,3),(166,3),(167,3),(168,3),(169,3),(170,3),(172,3),(173,3),(174,3),(175,3),(176,3),(177,3),(179,3),(180,3),(181,3),(182,3),(183,3),(185,3),(186,3),(187,3),(188,3),(189,3),(190,3),(191,3),(193,3),(194,3),(195,3),(197,3),(198,3),(199,3),(200,3),(201,3),(202,3),(204,3),(206,3),(207,3),(208,3),(209,3),(210,3),(212,3),(213,3),(214,3),(217,3),(218,3),(219,3),(220,3),(1,4),(2,4),(4,4),(10,4),(11,4),(12,4),(15,4),(16,4),(19,4),(22,4),(23,4),(24,4),(25,4),(26,4),(28,4),(31,4),(36,4),(37,4),(38,4),(41,4),(43,4),(47,4),(49,4),(51,4),(52,4),(53,4),(55,4),(58,4),(59,4),(61,4),(64,4),(67,4),(70,4),(71,4),(76,4),(78,4),(79,4),(83,4),(89,4),(90,4),(91,4),(95,4),(96,4),(97,4),(98,4),(99,4),(101,4),(102,4),(103,4),(108,4),(111,4),(112,4),(115,4),(116,4),(117,4),(118,4),(119,4),(122,4),(123,4),(125,4),(129,4),(131,4),(132,4),(133,4),(134,4),(142,4),(143,4),(144,4),(148,4),(149,4),(150,4),(151,4),(153,4),(154,4),(157,4),(158,4),(160,4),(161,4),(162,4),(163,4),(165,4),(171,4),(173,4),(175,4),(178,4),(179,4),(180,4),(181,4),(184,4),(185,4),(187,4),(189,4),(191,4),(192,4),(202,4),(203,4),(205,4),(208,4),(209,4),(210,4),(211,4),(212,4),(2,5),(9,5),(13,5),(21,5),(26,5),(28,5),(34,5),(41,5),(42,5),(43,5),(56,5),(58,5),(59,5),(60,5),(61,5),(89,5),(93,5),(115,5),(122,5),(129,5),(148,5),(149,5),(152,5),(156,5),(158,5),(178,5),(183,5),(189,5),(195,5),(197,5),(198,5),(202,5),(203,5),(208,5),(212,5),(41,6),(42,6),(129,6),(152,6),(2,7),(3,7),(8,7),(9,7),(13,7),(15,7),(18,7),(24,7),(26,7),(45,7),(56,7),(60,7),(77,7),(84,7),(86,7),(88,7),(90,7),(92,7),(94,7),(95,7),(103,7),(104,7),(105,7),(109,7),(110,7),(112,7),(115,7),(129,7),(131,7),(133,7),(134,7),(145,7),(148,7),(152,7),(156,7),(158,7),(164,7),(171,7),(175,7),(188,7),(193,7),(202,7),(204,7),(209,7),(213,7),(216,7),(8,8),(15,8),(20,8),(24,8),(30,8),(34,8),(42,8),(44,8),(58,8),(62,8),(90,8),(103,8),(109,8),(110,8),(112,8),(119,8),(123,8),(131,8),(133,8),(134,8),(136,8),(139,8),(141,8),(148,8),(152,8),(156,8),(157,8),(175,8),(176,8),(188,8),(204,8),(209,8),(220,8),(221,8);
/*!40000 ALTER TABLE `locationAndVaccine` ENABLE KEYS */;
UNLOCK TABLES;

--
-- Table structure for table `locations`
--

DROP TABLE IF EXISTS `locations`;
/*!40101 SET @saved_cs_client     = @@character_set_client */;
/*!50503 SET character_set_client = utf8mb4 */;
CREATE TABLE `locations` (
  `id` int NOT NULL AUTO_INCREMENT,
  `country` varchar(100) DEFAULT NULL,
  `iso_code` varchar(20) DEFAULT NULL,
  `continentId` int NOT NULL,
  PRIMARY KEY (`id`),
  KEY `continentId` (`continentId`),
  CONSTRAINT `locations_ibfk_1` FOREIGN KEY (`continentId`) REFERENCES `continents` (`id`)
) ENGINE=InnoDB AUTO_INCREMENT=256 DEFAULT CHARSET=utf8mb4 COLLATE=utf8mb4_0900_ai_ci;
/*!40101 SET character_set_client = @saved_cs_client */;

--
-- Dumping data for table `locations`
--

LOCK TABLES `locations` WRITE;
/*!40000 ALTER TABLE `locations` DISABLE KEYS */;
INSERT INTO `locations` VALUES (1,'Afghanistan','AFG',1),(2,'Albania','ALB',2),(3,'Algeria','DZA',3),(4,'Andorra','AND',2),(5,'Angola','AGO',3),(6,'Anguilla','AIA',4),(7,'Antigua and Barbuda','ATG',4),(8,'Argentina','ARG',5),(9,'Armenia','ARM',1),(10,'Aruba','ABW',4),(11,'Australia','AUS',6),(12,'Austria','AUT',2),(13,'Azerbaijan','AZE',1),(14,'Bahamas','BHS',4),(15,'Bahrain','BHR',1),(16,'Bangladesh','BGD',1),(17,'Barbados','BRB',4),(18,'Belarus','BLR',2),(19,'Belgium','BEL',2),(20,'Belize','BLZ',4),(21,'Benin','BEN',3),(22,'Bermuda','BMU',4),(23,'Bhutan','BTN',1),(24,'Bolivia','BOL',5),(25,'Bonaire Sint Eustatius and Saba','BES',4),(26,'Bosnia and Herzegovina','BIH',2),(27,'Botswana','BWA',3),(28,'Brazil','BRA',5),(29,'British Virgin Islands','VGB',4),(30,'Brunei','BRN',1),(31,'Bulgaria','BGR',2),(32,'Burkina Faso','BFA',3),(33,'Burundi','BDI',3),(34,'Cambodia','KHM',1),(35,'Cameroon','CMR',3),(36,'Canada','CAN',4),(37,'Cape Verde','CPV',3),(38,'Cayman Islands','CYM',4),(39,'Central African Republic','CAF',3),(40,'Chad','TCD',3),(41,'Chile','CHL',5),(42,'China','CHN',1),(43,'Colombia','COL',5),(44,'Comoros','COM',3),(45,'Congo','COG',3),(46,'Cook Islands','COK',6),(47,'Costa Rica','CRI',4),(48,'Cote d\'Ivoire','CIV',3),(49,'Croatia','HRV',2),(50,'Cuba','CUB',4),(51,'Curacao','CUW',4),(52,'Cyprus','CYP',2),(53,'Czechia','CZE',2),(54,'Democratic Republic of Congo','COD',3),(55,'Denmark','DNK',2),(56,'Djibouti','DJI',3),(57,'Dominica','DMA',4),(58,'Dominican Republic','DOM',4),(59,'Ecuador','ECU',5),(60,'Egypt','EGY',3),(61,'El Salvador','SLV',4),(62,'Equatorial Guinea','GNQ',3),(63,'Eritrea','ERI',3),(64,'Estonia','EST',2),(65,'Eswatini','SWZ',3),(66,'Ethiopia','ETH',3),(67,'Faeroe Islands','FRO',2),(68,'Falkland Islands','FLK',5),(69,'Fiji','FJI',6),(70,'Finland','FIN',2),(71,'France','FRA',2),(72,'French Polynesia','PYF',6),(73,'Gabon','GAB',3),(74,'Gambia','GMB',3),(75,'Georgia','GEO',1),(76,'Germany','DEU',2),(77,'Ghana','GHA',3),(78,'Gibraltar','GIB',2),(79,'Greece','GRC',2),(80,'Greenland','GRL',4),(81,'Grenada','GRD',4),(82,'Guatemala','GTM',4),(83,'Guernsey','GGY',2),(84,'Guinea','GIN',3),(85,'Guinea-Bissau','GNB',3),(86,'Guyana','GUY',5),(87,'Haiti','HTI',4),(88,'Honduras','HND',4),(89,'Hong Kong','HKG',1),(90,'Hungary','HUN',2),(91,'Iceland','ISL',2),(92,'India','IND',1),(93,'Indonesia','IDN',1),(94,'Iran','IRN',1),(95,'Iraq','IRQ',1),(96,'Ireland','IRL',2),(97,'Isle of Man','IMN',2),(98,'Israel','ISR',1),(99,'Italy','ITA',2),(100,'Jamaica','JAM',4),(101,'Japan','JPN',1),(102,'Jersey','JEY',2),(103,'Jordan','JOR',1),(104,'Kazakhstan','KAZ',1),(105,'Kenya','KEN',3),(106,'Kiribati','KIR',6),(107,'Kosovo','OWID_KOS',2),(108,'Kuwait','KWT',1),(109,'Kyrgyzstan','KGZ',1),(110,'Laos','LAO',1),(111,'Latvia','LVA',2),(112,'Lebanon','LBN',1),(113,'Lesotho','LSO',3),(114,'Liberia','LBR',3),(115,'Libya','LBY',3),(116,'Liechtenstein','LIE',2),(117,'Lithuania','LTU',2),(118,'Luxembourg','LUX',2),(119,'Macao','MAC',1),(120,'Madagascar','MDG',3),(121,'Malawi','MWI',3),(122,'Malaysia','MYS',1),(123,'Maldives','MDV',1),(124,'Mali','MLI',3),(125,'Malta','MLT',2),(126,'Marshall Islands','MHL',6),(127,'Mauritania','MRT',3),(128,'Mauritius','MUS',3),(129,'Mexico','MEX',4),(130,'Micronesia (country)','FSM',6),(131,'Moldova','MDA',2),(132,'Monaco','MCO',2),(133,'Mongolia','MNG',1),(134,'Montenegro','MNE',2),(135,'Montserrat','MSR',4),(136,'Morocco','MAR',3),(137,'Mozambique','MOZ',3),(138,'Myanmar','MMR',1),(139,'Namibia','NAM',3),(140,'Nauru','NRU',6),(141,'Nepal','NPL',1),(142,'Netherlands','NLD',2),(143,'New Caledonia','NCL',6),(144,'New Zealand','NZL',6),(145,'Nicaragua','NIC',4),(146,'Niger','NER',3),(147,'Nigeria','NGA',3),(148,'North Macedonia','MKD',2),(149,'Northern Cyprus','OWID_CYN',1),(150,'Norway','NOR',2),(151,'Oman','OMN',1),(152,'Pakistan','PAK',1),(153,'Palestine','PSE',1),(154,'Panama','PAN',4),(155,'Papua New Guinea','PNG',6),(156,'Paraguay','PRY',5),(157,'Peru','PER',5),(158,'Philippines','PHL',1),(159,'Pitcairn','PCN',6),(160,'Poland','POL',2),(161,'Portugal','PRT',2),(162,'Qatar','QAT',1),(163,'Romania','ROU',2),(164,'Russia','RUS',2),(165,'Rwanda','RWA',3),(166,'Saint Helena','SHN',3),(167,'Saint Kitts and Nevis','KNA',4),(168,'Saint Lucia','LCA',4),(169,'Saint Vincent and the Grenadines','VCT',4),(170,'Samoa','WSM',6),(171,'San Marino','SMR',2),(172,'Sao Tome and Principe','STP',3),(173,'Saudi Arabia','SAU',1),(174,'Senegal','SEN',3),(175,'Serbia','SRB',2),(176,'Seychelles','SYC',3),(177,'Sierra Leone','SLE',3),(178,'Singapore','SGP',1),(179,'Sint Maarten (Dutch part)','SXM',4),(180,'Slovakia','SVK',2),(181,'Slovenia','SVN',2),(182,'Solomon Islands','SLB',6),(183,'Somalia','SOM',3),(184,'South Africa','ZAF',3),(185,'South Korea','KOR',1),(186,'South Sudan','SSD',3),(187,'Spain','ESP',2),(188,'Sri Lanka','LKA',1),(189,'Sudan','SDN',3),(190,'Suriname','SUR',5),(191,'Sweden','SWE',2),(192,'Switzerland','CHE',2),(193,'Syria','SYR',1),(194,'Taiwan','TWN',1),(195,'Tajikistan','TJK',1),(196,'Tanzania','TZA',3),(197,'Thailand','THA',1),(198,'Timor','TLS',1),(199,'Togo','TGO',3),(200,'Tonga','TON',6),(201,'Trinidad and Tobago','TTO',4),(202,'Tunisia','TUN',3),(203,'Turkey','TUR',1),(204,'Turkmenistan','TKM',1),(205,'Turks and Caicos Islands','TCA',4),(206,'Tuvalu','TUV',6),(207,'Uganda','UGA',3),(208,'Ukraine','UKR',2),(209,'United Arab Emirates','ARE',1),(210,'United Kingdom','GBR',2),(211,'United States','USA',4),(212,'Uruguay','URY',5),(213,'Uzbekistan','UZB',1),(214,'Vanuatu','VUT',6),(215,'Vatican','VAT',2),(216,'Venezuela','VEN',5),(217,'Vietnam','VNM',1),(218,'Wallis and Futuna','WLF',6),(219,'Yemen','YEM',1),(220,'Zambia','ZMB',3),(221,'Zimbabwe','ZWE',3);
/*!40000 ALTER TABLE `locations` ENABLE KEYS */;
UNLOCK TABLES;

--
-- Table structure for table `vaccines`
--

DROP TABLE IF EXISTS `vaccines`;
/*!40101 SET @saved_cs_client     = @@character_set_client */;
/*!50503 SET character_set_client = utf8mb4 */;
CREATE TABLE `vaccines` (
  `id` int NOT NULL AUTO_INCREMENT,
  `vaccine` varchar(120) DEFAULT NULL,
  PRIMARY KEY (`id`)
) ENGINE=InnoDB AUTO_INCREMENT=16 DEFAULT CHARSET=utf8mb4 COLLATE=utf8mb4_0900_ai_ci;
/*!40101 SET character_set_client = @saved_cs_client */;

--
-- Dumping data for table `vaccines`
--

LOCK TABLES `vaccines` WRITE;
/*!40000 ALTER TABLE `vaccines` DISABLE KEYS */;
INSERT INTO `vaccines` VALUES (1,'Johnson&Johnson'),(2,'Moderna'),(3,'Oxford/AstraZeneca'),(4,'Pfizer/BioNTech'),(5,'Sinovac'),(6,'CanSino'),(7,'Sputnik V'),(8,'Sinopharm/Beijing');
/*!40000 ALTER TABLE `vaccines` ENABLE KEYS */;
UNLOCK TABLES;
/*!40103 SET TIME_ZONE=@OLD_TIME_ZONE */;

/*!40101 SET SQL_MODE=@OLD_SQL_MODE */;
/*!40014 SET FOREIGN_KEY_CHECKS=@OLD_FOREIGN_KEY_CHECKS */;
/*!40014 SET UNIQUE_CHECKS=@OLD_UNIQUE_CHECKS */;
/*!40101 SET CHARACTER_SET_CLIENT=@OLD_CHARACTER_SET_CLIENT */;
/*!40101 SET CHARACTER_SET_RESULTS=@OLD_CHARACTER_SET_RESULTS */;
/*!40101 SET COLLATION_CONNECTION=@OLD_COLLATION_CONNECTION */;
/*!40111 SET SQL_NOTES=@OLD_SQL_NOTES */;

-- Dump completed on 2021-07-04 22:23:58
